{
  "model": "HRP",
  "weights": {
    "BNGA.JK": 0.536312,
    "ANTM.JK": 0.140294,
    "MDKA.JK": 0.089216,
    "ADRO.JK": 0.085522,
    "PGAS.JK": 0.148656
  },
  "metrik": {
    "train": {
      "ann_return": 0.236121,
      "ann_vol": 0.180878,
      "sharpe_ratio": 0.987521,
      "max_drawdown": -0.153487,
      "var_95": -0.01687,
      "cvar_95": -0.021986,
      "sortino_ratio": 1.714096,
      "calmar_ratio": 1.538381,
      "win_rate": 0.498016,
      "total_return": 0.479121
    },
    "val": {
      "ann_return": 0.393495,
      "ann_vol": 0.206313,
      "sharpe_ratio": 1.628567,
      "max_drawdown": -0.11462,
      "var_95": -0.017618,
      "cvar_95": -0.024111,
      "sortino_ratio": 2.778395,
      "calmar_ratio": 3.433036,
      "win_rate": 0.542056,
      "total_return": 0.14109
    },
    "test": {
      "ann_return": 0.047491,
      "ann_vol": 0.182069,
      "sharpe_ratio": -0.054976,
      "max_drawdown": -0.110416,
      "var_95": -0.016334,
      "cvar_95": -0.028546,
      "sortino_ratio": -0.066601,
      "calmar_ratio": 0.430105,
      "win_rate": 0.555556,
      "total_return": 0.012879
    }
  }
}