{
  "model": "Equal_Weight",
  "weights": {
    "BNGA.JK": 0.2,
    "ADRO.JK": 0.2,
    "ANTM.JK": 0.2,
    "MDKA.JK": 0.2,
    "PGAS.JK": 0.2
  },
  "metrik": {
    "train": {
      "ann_return": 0.101605,
      "ann_vol": 0.233087,
      "sharpe_ratio": 0.189223,
      "max_drawdown": -0.225163,
      "var_95": -0.022217,
      "cvar_95": -0.029994,
      "sortino_ratio": 0.308584,
      "calmar_ratio": 0.451252,
      "win_rate": 0.505952,
      "total_return": 0.149741
    },
    "val": {
      "ann_return": 0.458607,
      "ann_vol": 0.214926,
      "sharpe_ratio": 1.866256,
      "max_drawdown": -0.114939,
      "var_95": -0.019839,
      "cvar_95": -0.025093,
      "sortino_ratio": 3.055536,
      "calmar_ratio": 3.989989,
      "win_rate": 0.570093,
      "total_return": 0.162524
    },
    "test": {
      "ann_return": 0.094614,
      "ann_vol": 0.235771,
      "sharpe_ratio": 0.157417,
      "max_drawdown": -0.123453,
      "var_95": -0.019745,
      "cvar_95": -0.037016,
      "sortino_ratio": 0.189842,
      "calmar_ratio": 0.7664,
      "win_rate": 0.574074,
      "total_return": 0.027203
    }
  }
}